<?xml version="1.0" encoding="UTF-8"?>
<root>
  <item name="android.support.customtabs.CustomTabsIntent.Builder android.support.customtabs.CustomTabsIntent.Builder setExitAnimations(android.content.Context, int, int) 1">
    <annotation name="android.support.annotation.AnimRes" />
  </item>
  <item name="android.support.customtabs.CustomTabsIntent.Builder android.support.customtabs.CustomTabsIntent.Builder setExitAnimations(android.content.Context, int, int) 2">
    <annotation name="android.support.annotation.AnimRes" />
  </item>
  <item name="android.support.customtabs.CustomTabsIntent.Builder android.support.customtabs.CustomTabsIntent.Builder setStartAnimations(android.content.Context, int, int) 1">
    <annotation name="android.support.annotation.AnimRes" />
  </item>
  <item name="android.support.customtabs.CustomTabsIntent.Builder android.support.customtabs.CustomTabsIntent.Builder setStartAnimations(android.content.Context, int, int) 2">
    <annotation name="android.support.annotation.AnimRes" />
  </item>
  <item name="android.support.customtabs.CustomTabsIntent.Builder android.support.customtabs.CustomTabsIntent.Builder setToolbarColor(int) 0">
    <annotation name="android.support.annotation.ColorInt" />
  </item>
</root>

